id,code_id,rate_metadata_id,negotiated_rate
8735847566792175165,4391897257951591497,9587423257260231076,864.0
2895673712230076661,4391897257951591497,9587423257260231076,302.4
17352548737989497320,4391897257951591497,9587423257260231076,1080.0
10383512623843750531,4391897257951591497,9587423257260231076,736.56
16930029952536992299,4391897257951591497,9587423257260231076,720.0
2895673712230076661,4391897257951591497,9587423257260231076,302.4
10455019870197694939,4391897257951591497,9587423257260231076,432.0
17721433543301742183,4391897257951591497,9587423257260231076,576.0
2895673712230076661,4391897257951591497,9587423257260231076,302.4
8614553688556129836,4391897257951591497,9587423257260231076,1015.06
2895673712230076661,4391897257951591497,9587423257260231076,302.4
16930029952536992299,4391897257951591497,9587423257260231076,720.0
10455019870197694939,4391897257951591497,9587423257260231076,432.0
10455019870197694939,4391897257951591497,9587423257260231076,432.0
4776802288650862251,4391897257951591497,9587423257260231076,972.0
10455019870197694939,4391897257951591497,9587423257260231076,432.0
2895673712230076661,4391897257951591497,9587423257260231076,302.4
2895673712230076661,4391897257951591497,9587423257260231076,302.4
10455019870197694939,4391897257951591497,9587423257260231076,432.0
10455019870197694939,4391897257951591497,9587423257260231076,432.0
16930029952536992299,4391897257951591497,9587423257260231076,720.0
2895673712230076661,4391897257951591497,9587423257260231076,302.4
10455019870197694939,4391897257951591497,9587423257260231076,432.0
11367804464481895980,4391897257951591497,9587423257260231076,345.6
17855290805461020474,4391897257951591497,9587423257260231076,1224.0
15712425715267905034,4391897257951591497,9587423257260231076,338.4
2895673712230076661,4391897257951591497,9587423257260231076,302.4
10455019870197694939,4391897257951591497,9587423257260231076,432.0
2895673712230076661,4391897257951591497,9587423257260231076,302.4
16930029952536992299,4391897257951591497,9587423257260231076,720.0
2895673712230076661,4391897257951591497,9587423257260231076,302.4
2895673712230076661,4391897257951591497,9587423257260231076,302.4
10455019870197694939,4391897257951591497,9587423257260231076,432.0
10455019870197694939,4391897257951591497,9587423257260231076,432.0
2847453459470380897,4391897257951591497,9587423257260231076,792.0
2895673712230076661,4391897257951591497,9587423257260231076,302.4
7320984305947725993,4391897257951591497,9587423257260231076,316.8
10455019870197694939,4391897257951591497,9587423257260231076,432.0
2895673712230076661,4391897257951591497,9587423257260231076,302.4
13044695449219850103,4391897257951591497,9587423257260231076,1116.0
2895673712230076661,4391897257951591497,9587423257260231076,302.4
10455019870197694939,4391897257951591497,9587423257260231076,432.0
10455019870197694939,4391897257951591497,9587423257260231076,432.0
10455019870197694939,4391897257951591497,9587423257260231076,432.0
16930029952536992299,4391897257951591497,9587423257260231076,720.0
5012962087120072637,4391897257951591497,9587423257260231076,458.31
11367804464481895980,4391897257951591497,9587423257260231076,345.6
2895673712230076661,4391897257951591497,9587423257260231076,302.4
2895673712230076661,4391897257951591497,9587423257260231076,302.4
14167622075399888805,4391897257951591497,9587423257260231076,346.97
4472257878613515284,4391897257951591497,9587423257260231076,900.0
4472257878613515284,4391897257951591497,9587423257260231076,900.0
11367804464481895980,4391897257951591497,9587423257260231076,345.6
2895673712230076661,4391897257951591497,9587423257260231076,302.4
2895673712230076661,4391897257951591497,9587423257260231076,302.4
8281417427562830808,4391897257951591497,9587423257260231076,842.4
2895673712230076661,4391897257951591497,9587423257260231076,302.4
2895673712230076661,4391897257951591497,9587423257260231076,302.4
7320984305947725993,4391897257951591497,9587423257260231076,316.8
2895673712230076661,4391897257951591497,9587423257260231076,302.4
2895673712230076661,4391897257951591497,9587423257260231076,302.4
15231729250800187185,4391897257951591497,9587423257260231076,288.0
8281417427562830808,4391897257951591497,9587423257260231076,842.4
2895673712230076661,4391897257951591497,9587423257260231076,302.4
10455019870197694939,4391897257951591497,9587423257260231076,432.0
10455019870197694939,4391897257951591497,9587423257260231076,432.0
11367804464481895980,4391897257951591497,9587423257260231076,345.6
2895673712230076661,4391897257951591497,9587423257260231076,302.4
2895673712230076661,4391897257951591497,9587423257260231076,302.4
2895673712230076661,4391897257951591497,9587423257260231076,302.4
2895673712230076661,4391897257951591497,9587423257260231076,302.4
6090239621436712187,4391897257951591497,9587423257260231076,252.0
17721433543301742183,4391897257951591497,9587423257260231076,576.0
2895673712230076661,4391897257951591497,9587423257260231076,302.4
15072388270880391425,4391897257951591497,9587423257260231076,346.28
2895673712230076661,4391897257951591497,9587423257260231076,302.4
7686370281066623894,4391897257951591497,9587423257260231076,460.2
10455019870197694939,4391897257951591497,9587423257260231076,432.0
2895673712230076661,4391897257951591497,9587423257260231076,302.4
11367804464481895980,4391897257951591497,9587423257260231076,345.6
2895673712230076661,4391897257951591497,9587423257260231076,302.4
7981203937791759507,4391897257951591497,9587423257260231076,401.76
2895673712230076661,4391897257951591497,9587423257260231076,302.4
10455019870197694939,4391897257951591497,9587423257260231076,432.0
4472257878613515284,4391897257951591497,9587423257260231076,900.0
2895673712230076661,4391897257951591497,9587423257260231076,302.4
2895673712230076661,4391897257951591497,9587423257260231076,302.4
15149390644150951791,4391897257951591497,9587423257260231076,1586.95
13469119399716574537,4391897257951591497,9587423257260231076,361.92
10784281324490613020,4391897257951591497,9587423257260231076,1440.0
2895673712230076661,4391897257951591497,9587423257260231076,302.4
17352548737989497320,4391897257951591497,9587423257260231076,1080.0
2895673712230076661,4391897257951591497,9587423257260231076,302.4
10455019870197694939,4391897257951591497,9587423257260231076,432.0
10455019870197694939,4391897257951591497,9587423257260231076,432.0
2895673712230076661,4391897257951591497,9587423257260231076,302.4
2895673712230076661,4391897257951591497,9587423257260231076,302.4
10455019870197694939,4391897257951591497,9587423257260231076,432.0
2895673712230076661,4391897257951591497,9587423257260231076,302.4
2895673712230076661,4391897257951591497,9587423257260231076,302.4
2895673712230076661,4391897257951591497,9587423257260231076,302.4
10455019870197694939,4391897257951591497,9587423257260231076,432.0
2895673712230076661,4391897257951591497,9587423257260231076,302.4
11367804464481895980,4391897257951591497,9587423257260231076,345.6
2895673712230076661,4391897257951591497,9587423257260231076,302.4
2895673712230076661,4391897257951591497,9587423257260231076,302.4
10455019870197694939,4391897257951591497,9587423257260231076,432.0
4776802288650862251,4391897257951591497,9587423257260231076,972.0
2895673712230076661,4391897257951591497,9587423257260231076,302.4
2895673712230076661,4391897257951591497,9587423257260231076,302.4
16930029952536992299,4391897257951591497,9587423257260231076,720.0
2895673712230076661,4391897257951591497,9587423257260231076,302.4
11395441427635394675,4391897257951591497,9587423257260231076,2164.12
6090239621436712187,4391897257951591497,9587423257260231076,252.0
10455019870197694939,4391897257951591497,9587423257260231076,432.0
6090239621436712187,4391897257951591497,9587423257260231076,252.0
2895673712230076661,4391897257951591497,9587423257260231076,302.4
2895673712230076661,4391897257951591497,9587423257260231076,302.4
2895673712230076661,4391897257951591497,9587423257260231076,302.4
3710108801072138277,4391897257951591497,9587423257260231076,324.0
2895673712230076661,4391897257951591497,9587423257260231076,302.4
10455019870197694939,4391897257951591497,9587423257260231076,432.0
2895673712230076661,4391897257951591497,9587423257260231076,302.4
2895673712230076661,4391897257951591497,9587423257260231076,302.4
2895673712230076661,4391897257951591497,9587423257260231076,302.4
3665837524151848595,18401549046301367973,18415338349381915475,675137.81
9731891965785643521,18401549046301367973,18415338349381915475,753811.88
9766874649793538052,18401549046301367973,18415338349381915475,567281.39
3945379105075930189,18401549046301367973,18415338349381915475,918878.11
9731891965785643521,18401549046301367973,18415338349381915475,753811.88
16432595091430390296,18401549046301367973,18415338349381915475,810401.99
9266188775737817171,18401549046301367973,18415338349381915475,221008.48
487534197641561470,18401549046301367973,18415338349381915475,333540.84
722376633830359470,18401549046301367973,18415338349381915475,480861.05
9905922428172595548,18401549046301367973,18415338349381915475,957891.21
18309319627350927953,18401549046301367973,18415338349381915475,758572.32
12979160270741415576,18401549046301367973,18415338349381915475,426045.54
12832827980062178464,18401549046301367973,18415338349381915475,954257.5
12752550545227945828,18401549046301367973,18415338349381915475,13434.0
3545325538211260365,18401549046301367973,18415338349381915475,22791.0
10985377357781584190,7934594854012772827,9587423257260231076,302.04
15739912640271044466,7934594854012772827,9587423257260231076,211.43
1053481725460531491,7934594854012772827,9587423257260231076,242.11
15739912640271044466,7934594854012772827,9587423257260231076,211.43
10985377357781584190,7934594854012772827,9587423257260231076,302.04
10985377357781584190,7934594854012772827,9587423257260231076,302.04
8432644632064181828,7934594854012772827,9587423257260231076,226.53
11213379651982606326,7934594854012772827,9587423257260231076,679.59
10985377357781584190,7934594854012772827,9587423257260231076,302.04
13881128141563797394,7934594854012772827,9587423257260231076,629.25
16239637584495183581,7934594854012772827,9587423257260231076,780.27
15739912640271044466,7934594854012772827,9587423257260231076,211.43
15739912640271044466,7934594854012772827,9587423257260231076,211.43
4603773264653726550,7934594854012772827,9587423257260231076,1513.08
15739912640271044466,7934594854012772827,9587423257260231076,211.43
10985377357781584190,7934594854012772827,9587423257260231076,302.04
15377669227882307297,7934594854012772827,9587423257260231076,604.08
9382082386172296929,7934594854012772827,9587423257260231076,402.72
9579454229185045350,7934594854012772827,9587423257260231076,176.19
15739912640271044466,7934594854012772827,9587423257260231076,211.43
15739912640271044466,7934594854012772827,9587423257260231076,211.43
15739912640271044466,7934594854012772827,9587423257260231076,211.43
15739912640271044466,7934594854012772827,9587423257260231076,211.43
10985377357781584190,7934594854012772827,9587423257260231076,302.04
9382082386172296929,7934594854012772827,9587423257260231076,402.72
15739912640271044466,7934594854012772827,9587423257260231076,211.43
18127647960768782561,7934594854012772827,9587423257260231076,709.69
15739912640271044466,7934594854012772827,9587423257260231076,211.43
15739912640271044466,7934594854012772827,9587423257260231076,211.43
16827193734925626193,7934594854012772827,9587423257260231076,241.63
15739912640271044466,7934594854012772827,9587423257260231076,211.43
10985377357781584190,7934594854012772827,9587423257260231076,302.04
10985377357781584190,7934594854012772827,9587423257260231076,302.04
10985377357781584190,7934594854012772827,9587423257260231076,302.04
9579454229185045350,7934594854012772827,9587423257260231076,176.19
15739912640271044466,7934594854012772827,9587423257260231076,211.43
15739912640271044466,7934594854012772827,9587423257260231076,211.43
17170004024663998217,7934594854012772827,9587423257260231076,1006.8
15739912640271044466,7934594854012772827,9587423257260231076,211.43
16827193734925626193,7934594854012772827,9587423257260231076,241.63
15739912640271044466,7934594854012772827,9587423257260231076,211.43
878256142988610172,7934594854012772827,9587423257260231076,221.5
15739912640271044466,7934594854012772827,9587423257260231076,211.43
15739912640271044466,7934594854012772827,9587423257260231076,211.43
15739912640271044466,7934594854012772827,9587423257260231076,211.43
18323317684927088897,7934594854012772827,9587423257260231076,503.4
15739912640271044466,7934594854012772827,9587423257260231076,211.43
10985377357781584190,7934594854012772827,9587423257260231076,302.04
10985377357781584190,7934594854012772827,9587423257260231076,302.04
6142047677439771227,7934594854012772827,9587423257260231076,588.98
18323317684927088897,7934594854012772827,9587423257260231076,503.4
17549525221689900950,7934594854012772827,9587423257260231076,755.1
15739912640271044466,7934594854012772827,9587423257260231076,211.43
10985377357781584190,7934594854012772827,9587423257260231076,302.04
15739912640271044466,7934594854012772827,9587423257260231076,211.43
15739912640271044466,7934594854012772827,9587423257260231076,211.43
15739912640271044466,7934594854012772827,9587423257260231076,211.43
12243498294197846058,7934594854012772827,9587423257260231076,514.98
15739912640271044466,7934594854012772827,9587423257260231076,211.43
3935073646098826757,7934594854012772827,9587423257260231076,321.75
15739912640271044466,7934594854012772827,9587423257260231076,211.43
15739912640271044466,7934594854012772827,9587423257260231076,211.43
10985377357781584190,7934594854012772827,9587423257260231076,302.04
10985377357781584190,7934594854012772827,9587423257260231076,302.04
10985377357781584190,7934594854012772827,9587423257260231076,302.04
10985377357781584190,7934594854012772827,9587423257260231076,302.04
17549525221689900950,7934594854012772827,9587423257260231076,755.1
13881128141563797394,7934594854012772827,9587423257260231076,629.25
15739912640271044466,7934594854012772827,9587423257260231076,211.43
10985377357781584190,7934594854012772827,9587423257260231076,302.04
18323317684927088897,7934594854012772827,9587423257260231076,503.4
878256142988610172,7934594854012772827,9587423257260231076,221.5
15739912640271044466,7934594854012772827,9587423257260231076,211.43
15739912640271044466,7934594854012772827,9587423257260231076,211.43
11285386363645438683,7934594854012772827,9587423257260231076,553.74
10985377357781584190,7934594854012772827,9587423257260231076,302.04
18323317684927088897,7934594854012772827,9587423257260231076,503.4
15739912640271044466,7934594854012772827,9587423257260231076,211.43
16827193734925626193,7934594854012772827,9587423257260231076,241.63
10985377357781584190,7934594854012772827,9587423257260231076,302.04
15739912640271044466,7934594854012772827,9587423257260231076,211.43
3713413236104993759,7934594854012772827,9587423257260231076,201.36
15739912640271044466,7934594854012772827,9587423257260231076,211.43
15739912640271044466,7934594854012772827,9587423257260231076,211.43
15739912640271044466,7934594854012772827,9587423257260231076,211.43
10985377357781584190,7934594854012772827,9587423257260231076,302.04
15739912640271044466,7934594854012772827,9587423257260231076,211.43
15739912640271044466,7934594854012772827,9587423257260231076,211.43
16827193734925626193,7934594854012772827,9587423257260231076,241.63
15739912640271044466,7934594854012772827,9587423257260231076,211.43
15739912640271044466,7934594854012772827,9587423257260231076,211.43
15739912640271044466,7934594854012772827,9587423257260231076,211.43
1839866608505412886,7934594854012772827,9587423257260231076,855.78
10985377357781584190,7934594854012772827,9587423257260231076,302.04
12873747174793654316,7934594854012772827,9587423257260231076,280.9
15739912640271044466,7934594854012772827,9587423257260231076,211.43
15739912640271044466,7934594854012772827,9587423257260231076,211.43
10985377357781584190,7934594854012772827,9587423257260231076,302.04
15739912640271044466,7934594854012772827,9587423257260231076,211.43
18323317684927088897,7934594854012772827,9587423257260231076,503.4
13881128141563797394,7934594854012772827,9587423257260231076,629.25
18323317684927088897,7934594854012772827,9587423257260231076,503.4
6142047677439771227,7934594854012772827,9587423257260231076,588.98
15739912640271044466,7934594854012772827,9587423257260231076,211.43
14928735871532388939,7934594854012772827,9587423257260231076,320.43
10985377357781584190,7934594854012772827,9587423257260231076,302.04
9579454229185045350,7934594854012772827,9587423257260231076,176.19
15739912640271044466,7934594854012772827,9587423257260231076,211.43
10985377357781584190,7934594854012772827,9587423257260231076,302.04
13407630900606231879,7934594854012772827,9587423257260231076,1109.54
16827193734925626193,7934594854012772827,9587423257260231076,241.63
11213379651982606326,7934594854012772827,9587423257260231076,679.59
15739912640271044466,7934594854012772827,9587423257260231076,211.43
15739912640271044466,7934594854012772827,9587423257260231076,211.43
15739912640271044466,7934594854012772827,9587423257260231076,211.43
15739912640271044466,7934594854012772827,9587423257260231076,211.43
16827193734925626193,7934594854012772827,9587423257260231076,241.63
15739912640271044466,7934594854012772827,9587423257260231076,211.43
15739912640271044466,7934594854012772827,9587423257260231076,211.43
13577827698891983183,7934594854012772827,9587423257260231076,242.59
15739912640271044466,7934594854012772827,9587423257260231076,211.43
10985377357781584190,7934594854012772827,9587423257260231076,302.04
11259073513188734201,7934594854012772827,9587423257260231076,236.6
15739912640271044466,7934594854012772827,9587423257260231076,211.43
13759853347991506877,7934594854012772827,9587423257260231076,253.04
562955118559841466,13969019075685194756,9587423257260231076,15.91
17779606614519048549,13969019075685194756,9587423257260231076,10.5
17779606614519048549,13969019075685194756,9587423257260231076,10.5
1276021694766978747,13969019075685194756,9587423257260231076,8.75
11583570222112345389,13969019075685194756,9587423257260231076,15.0
17779606614519048549,13969019075685194756,9587423257260231076,10.5
1276021694766978747,13969019075685194756,9587423257260231076,8.75
17779606614519048549,13969019075685194756,9587423257260231076,10.5
17779606614519048549,13969019075685194756,9587423257260231076,10.5
11583570222112345389,13969019075685194756,9587423257260231076,15.0
11740588838650548755,13969019075685194756,9587423257260231076,25.0
17779606614519048549,13969019075685194756,9587423257260231076,10.5
2736310100453248555,13969019075685194756,9587423257260231076,11.0
11740588838650548755,13969019075685194756,9587423257260231076,25.0
17779606614519048549,13969019075685194756,9587423257260231076,10.5
1276021694766978747,13969019075685194756,9587423257260231076,8.75
11583570222112345389,13969019075685194756,9587423257260231076,15.0
18371735016793457240,13969019075685194756,9587423257260231076,33.75
17779606614519048549,13969019075685194756,9587423257260231076,10.5
17779606614519048549,13969019075685194756,9587423257260231076,10.5
17836833086559798236,13969019075685194756,9587423257260231076,37.5
11583570222112345389,13969019075685194756,9587423257260231076,15.0
17779606614519048549,13969019075685194756,9587423257260231076,10.5
11740588838650548755,13969019075685194756,9587423257260231076,25.0
17779606614519048549,13969019075685194756,9587423257260231076,10.5
17779606614519048549,13969019075685194756,9587423257260231076,10.5
3644263637370839865,13969019075685194756,9587423257260231076,25.58
17779606614519048549,13969019075685194756,9587423257260231076,10.5
11583570222112345389,13969019075685194756,9587423257260231076,15.0
17779606614519048549,13969019075685194756,9587423257260231076,10.5
17779606614519048549,13969019075685194756,9587423257260231076,10.5
11740588838650548755,13969019075685194756,9587423257260231076,25.0
11583570222112345389,13969019075685194756,9587423257260231076,15.0
11583570222112345389,13969019075685194756,9587423257260231076,15.0
12616858524748380974,13969019075685194756,9587423257260231076,12.02
11583570222112345389,13969019075685194756,9587423257260231076,15.0
11404072431106329219,13969019075685194756,9587423257260231076,38.75
17779606614519048549,13969019075685194756,9587423257260231076,10.5
11583570222112345389,13969019075685194756,9587423257260231076,15.0
7724151777808875139,13969019075685194756,9587423257260231076,55.1
17836833086559798236,13969019075685194756,9587423257260231076,37.5
17779606614519048549,13969019075685194756,9587423257260231076,10.5
17779606614519048549,13969019075685194756,9587423257260231076,10.5
17779606614519048549,13969019075685194756,9587423257260231076,10.5
11583570222112345389,13969019075685194756,9587423257260231076,15.0
9043419544278365072,13969019075685194756,9587423257260231076,30.0
4420479518140240498,13969019075685194756,9587423257260231076,12.0
17779606614519048549,13969019075685194756,9587423257260231076,10.5
17779606614519048549,13969019075685194756,9587423257260231076,10.5
11583570222112345389,13969019075685194756,9587423257260231076,15.0
11740588838650548755,13969019075685194756,9587423257260231076,25.0
17779606614519048549,13969019075685194756,9587423257260231076,10.5
17779606614519048549,13969019075685194756,9587423257260231076,10.5
17779606614519048549,13969019075685194756,9587423257260231076,10.5
17779606614519048549,13969019075685194756,9587423257260231076,10.5
17779606614519048549,13969019075685194756,9587423257260231076,10.5
17779606614519048549,13969019075685194756,9587423257260231076,10.5
11583570222112345389,13969019075685194756,9587423257260231076,15.0
17779606614519048549,13969019075685194756,9587423257260231076,10.5
17779606614519048549,13969019075685194756,9587423257260231076,10.5
17779606614519048549,13969019075685194756,9587423257260231076,10.5
17779606614519048549,13969019075685194756,9587423257260231076,10.5
2937243085409426507,13969019075685194756,9587423257260231076,27.5
11583570222112345389,13969019075685194756,9587423257260231076,15.0
17779606614519048549,13969019075685194756,9587423257260231076,10.5
1426296014131009953,13969019075685194756,9587423257260231076,31.25
11583570222112345389,13969019075685194756,9587423257260231076,15.0
17779606614519048549,13969019075685194756,9587423257260231076,10.5
11583570222112345389,13969019075685194756,9587423257260231076,15.0
11583570222112345389,13969019075685194756,9587423257260231076,15.0
17779606614519048549,13969019075685194756,9587423257260231076,10.5
17779606614519048549,13969019075685194756,9587423257260231076,10.5
17779606614519048549,13969019075685194756,9587423257260231076,10.5
17779606614519048549,13969019075685194756,9587423257260231076,10.5
17779606614519048549,13969019075685194756,9587423257260231076,10.5
17779606614519048549,13969019075685194756,9587423257260231076,10.5
7518043780520314483,13969019075685194756,9587423257260231076,12.05
11583570222112345389,13969019075685194756,9587423257260231076,15.0
11583570222112345389,13969019075685194756,9587423257260231076,15.0
17779606614519048549,13969019075685194756,9587423257260231076,10.5
11583570222112345389,13969019075685194756,9587423257260231076,15.0
11583570222112345389,13969019075685194756,9587423257260231076,15.0
17779606614519048549,13969019075685194756,9587423257260231076,10.5
11583570222112345389,13969019075685194756,9587423257260231076,15.0
4420479518140240498,13969019075685194756,9587423257260231076,12.0
4420479518140240498,13969019075685194756,9587423257260231076,12.0
3936569654628206075,13969019075685194756,9587423257260231076,29.25
17779606614519048549,13969019075685194756,9587423257260231076,10.5
3936569654628206075,13969019075685194756,9587423257260231076,29.25
4277523309934929732,13969019075685194756,9587423257260231076,20.0
2736310100453248555,13969019075685194756,9587423257260231076,11.0
17779606614519048549,13969019075685194756,9587423257260231076,10.5
1426296014131009953,13969019075685194756,9587423257260231076,31.25
17779606614519048549,13969019075685194756,9587423257260231076,10.5
11583570222112345389,13969019075685194756,9587423257260231076,15.0
4420479518140240498,13969019075685194756,9587423257260231076,12.0
17779606614519048549,13969019075685194756,9587423257260231076,10.5
11583570222112345389,13969019075685194756,9587423257260231076,15.0
17779606614519048549,13969019075685194756,9587423257260231076,10.5
18371735016793457240,13969019075685194756,9587423257260231076,33.75
4277523309934929732,13969019075685194756,9587423257260231076,20.0
11583570222112345389,13969019075685194756,9587423257260231076,15.0
4420479518140240498,13969019075685194756,9587423257260231076,12.0
17779606614519048549,13969019075685194756,9587423257260231076,10.5
17779606614519048549,13969019075685194756,9587423257260231076,10.5
17779606614519048549,13969019075685194756,9587423257260231076,10.5
17779606614519048549,13969019075685194756,9587423257260231076,10.5
17779606614519048549,13969019075685194756,9587423257260231076,10.5
15811488719345269368,13969019075685194756,9587423257260231076,75.14
11936234709005967416,13969019075685194756,9587423257260231076,12.57
7842714719695021644,13969019075685194756,9587423257260231076,50.0
10294910907184074608,13969019075685194756,9587423257260231076,11.75
17779606614519048549,13969019075685194756,9587423257260231076,10.5
4420479518140240498,13969019075685194756,9587423257260231076,12.0
17779606614519048549,13969019075685194756,9587423257260231076,10.5
11740588838650548755,13969019075685194756,9587423257260231076,25.0
1426296014131009953,13969019075685194756,9587423257260231076,31.25
11583570222112345389,13969019075685194756,9587423257260231076,15.0
10994727148633439345,13969019075685194756,9587423257260231076,15.98
7844460785605079561,13969019075685194756,9587423257260231076,42.5
1467798928914514216,13969019075685194756,9587423257260231076,10.0
8884669093098444512,13969019075685194756,9587423257260231076,13.95
2561759271808534298,13969019075685194756,9587423257260231076,11.25
11005367066591225577,13969019075685194756,9587423257260231076,35.25
17779606614519048549,13969019075685194756,9587423257260231076,10.5
3147806117422816983,14258195720410510375,18415338349381915475,359473.63
1187955638565913970,14258195720410510375,18415338349381915475,294898.19
3328838047567339379,14258195720410510375,18415338349381915475,317036.77
13669420297093640049,14258195720410510375,18415338349381915475,264120.17
7831111369443494949,14258195720410510375,18415338349381915475,374735.92
1070683710550941748,14258195720410510375,18415338349381915475,86460.57
1120221483726381357,14258195720410510375,18415338349381915475,166672.96
7448566224885860078,14258195720410510375,18415338349381915475,460325.93
316613757528776412,14258195720410510375,18415338349381915475,188117.3
10930700159983041591,14258195720410510375,18415338349381915475,296760.52
5208407114041759630,14258195720410510375,18415338349381915475,221925.74
57051690432845576,14258195720410510375,18415338349381915475,130484.27
3440166718870161672,14258195720410510375,18415338349381915475,373314.38
1187955638565913970,14258195720410510375,18415338349381915475,294898.19
2746975231775458080,14258195720410510375,18415338349381915475,13434.0
3034069038662819773,14258195720410510375,18415338349381915475,22791.0
15540046205918305203,6913945527236530832,9587423257260231076,302.04
3685509975988709794,6913945527236530832,9587423257260231076,211.43
4580376704812950568,6913945527236530832,9587423257260231076,242.11
3685509975988709794,6913945527236530832,9587423257260231076,211.43
15540046205918305203,6913945527236530832,9587423257260231076,302.04
15540046205918305203,6913945527236530832,9587423257260231076,302.04
2206640094949583384,6913945527236530832,9587423257260231076,226.53
1262340217637263464,6913945527236530832,9587423257260231076,679.59
15540046205918305203,6913945527236530832,9587423257260231076,302.04
14496239320092746955,6913945527236530832,9587423257260231076,629.25
17217149443822968331,6913945527236530832,9587423257260231076,780.27
3685509975988709794,6913945527236530832,9587423257260231076,211.43
3685509975988709794,6913945527236530832,9587423257260231076,211.43
6169757752138581020,6913945527236530832,9587423257260231076,1513.08
3685509975988709794,6913945527236530832,9587423257260231076,211.43
15540046205918305203,6913945527236530832,9587423257260231076,302.04
12245806448190858725,6913945527236530832,9587423257260231076,604.08
2775062823745302902,6913945527236530832,9587423257260231076,402.72
297489110112686809,6913945527236530832,9587423257260231076,176.19
3685509975988709794,6913945527236530832,9587423257260231076,211.43
3685509975988709794,6913945527236530832,9587423257260231076,211.43
3685509975988709794,6913945527236530832,9587423257260231076,211.43
3685509975988709794,6913945527236530832,9587423257260231076,211.43
15540046205918305203,6913945527236530832,9587423257260231076,302.04
2775062823745302902,6913945527236530832,9587423257260231076,402.72
3685509975988709794,6913945527236530832,9587423257260231076,211.43
11289907623154782732,6913945527236530832,9587423257260231076,709.69
3685509975988709794,6913945527236530832,9587423257260231076,211.43
3685509975988709794,6913945527236530832,9587423257260231076,211.43
12402428493530518041,6913945527236530832,9587423257260231076,241.63
3685509975988709794,6913945527236530832,9587423257260231076,211.43
15540046205918305203,6913945527236530832,9587423257260231076,302.04
15540046205918305203,6913945527236530832,9587423257260231076,302.04
15540046205918305203,6913945527236530832,9587423257260231076,302.04
297489110112686809,6913945527236530832,9587423257260231076,176.19
3685509975988709794,6913945527236530832,9587423257260231076,211.43
3685509975988709794,6913945527236530832,9587423257260231076,211.43
9748281597098134555,6913945527236530832,9587423257260231076,1006.8
3685509975988709794,6913945527236530832,9587423257260231076,211.43
12402428493530518041,6913945527236530832,9587423257260231076,241.63
3685509975988709794,6913945527236530832,9587423257260231076,211.43
16684459045320888621,6913945527236530832,9587423257260231076,221.5
3685509975988709794,6913945527236530832,9587423257260231076,211.43
3685509975988709794,6913945527236530832,9587423257260231076,211.43
3685509975988709794,6913945527236530832,9587423257260231076,211.43
14631164429865056146,6913945527236530832,9587423257260231076,503.4
3685509975988709794,6913945527236530832,9587423257260231076,211.43
15540046205918305203,6913945527236530832,9587423257260231076,302.04
15540046205918305203,6913945527236530832,9587423257260231076,302.04
8603738316804880502,6913945527236530832,9587423257260231076,588.98
14631164429865056146,6913945527236530832,9587423257260231076,503.4
643191862888476416,6913945527236530832,9587423257260231076,755.1
3685509975988709794,6913945527236530832,9587423257260231076,211.43
15540046205918305203,6913945527236530832,9587423257260231076,302.04
3685509975988709794,6913945527236530832,9587423257260231076,211.43
3685509975988709794,6913945527236530832,9587423257260231076,211.43
3685509975988709794,6913945527236530832,9587423257260231076,211.43
3545343258412364338,6913945527236530832,9587423257260231076,514.98
3685509975988709794,6913945527236530832,9587423257260231076,211.43
14376377529267880303,6913945527236530832,9587423257260231076,321.75
3685509975988709794,6913945527236530832,9587423257260231076,211.43
3685509975988709794,6913945527236530832,9587423257260231076,211.43
15540046205918305203,6913945527236530832,9587423257260231076,302.04
15540046205918305203,6913945527236530832,9587423257260231076,302.04
15540046205918305203,6913945527236530832,9587423257260231076,302.04
15540046205918305203,6913945527236530832,9587423257260231076,302.04
643191862888476416,6913945527236530832,9587423257260231076,755.1
14496239320092746955,6913945527236530832,9587423257260231076,629.25
3685509975988709794,6913945527236530832,9587423257260231076,211.43
15540046205918305203,6913945527236530832,9587423257260231076,302.04
14631164429865056146,6913945527236530832,9587423257260231076,503.4
16684459045320888621,6913945527236530832,9587423257260231076,221.5
3685509975988709794,6913945527236530832,9587423257260231076,211.43
3685509975988709794,6913945527236530832,9587423257260231076,211.43
15507843436142125410,6913945527236530832,9587423257260231076,553.74
15540046205918305203,6913945527236530832,9587423257260231076,302.04
14631164429865056146,6913945527236530832,9587423257260231076,503.4
3685509975988709794,6913945527236530832,9587423257260231076,211.43
12402428493530518041,6913945527236530832,9587423257260231076,241.63
15540046205918305203,6913945527236530832,9587423257260231076,302.04
3685509975988709794,6913945527236530832,9587423257260231076,211.43
13662337664852681498,6913945527236530832,9587423257260231076,201.36
3685509975988709794,6913945527236530832,9587423257260231076,211.43
3685509975988709794,6913945527236530832,9587423257260231076,211.43
3685509975988709794,6913945527236530832,9587423257260231076,211.43
15540046205918305203,6913945527236530832,9587423257260231076,302.04
3685509975988709794,6913945527236530832,9587423257260231076,211.43
3685509975988709794,6913945527236530832,9587423257260231076,211.43
12402428493530518041,6913945527236530832,9587423257260231076,241.63
3685509975988709794,6913945527236530832,9587423257260231076,211.43
3685509975988709794,6913945527236530832,9587423257260231076,211.43
3685509975988709794,6913945527236530832,9587423257260231076,211.43
15604165266024427576,6913945527236530832,9587423257260231076,855.78
15540046205918305203,6913945527236530832,9587423257260231076,302.04
14211458277421532997,6913945527236530832,9587423257260231076,280.9
3685509975988709794,6913945527236530832,9587423257260231076,211.43
3685509975988709794,6913945527236530832,9587423257260231076,211.43
15540046205918305203,6913945527236530832,9587423257260231076,302.04
3685509975988709794,6913945527236530832,9587423257260231076,211.43
14631164429865056146,6913945527236530832,9587423257260231076,503.4
14496239320092746955,6913945527236530832,9587423257260231076,629.25
14631164429865056146,6913945527236530832,9587423257260231076,503.4
8603738316804880502,6913945527236530832,9587423257260231076,588.98
3685509975988709794,6913945527236530832,9587423257260231076,211.43
9905068560507886992,6913945527236530832,9587423257260231076,320.43
15540046205918305203,6913945527236530832,9587423257260231076,302.04
297489110112686809,6913945527236530832,9587423257260231076,176.19
3685509975988709794,6913945527236530832,9587423257260231076,211.43
15540046205918305203,6913945527236530832,9587423257260231076,302.04
7526451162043073760,6913945527236530832,9587423257260231076,1109.54
12402428493530518041,6913945527236530832,9587423257260231076,241.63
1262340217637263464,6913945527236530832,9587423257260231076,679.59
3685509975988709794,6913945527236530832,9587423257260231076,211.43
3685509975988709794,6913945527236530832,9587423257260231076,211.43
3685509975988709794,6913945527236530832,9587423257260231076,211.43
3685509975988709794,6913945527236530832,9587423257260231076,211.43
12402428493530518041,6913945527236530832,9587423257260231076,241.63
3685509975988709794,6913945527236530832,9587423257260231076,211.43
3685509975988709794,6913945527236530832,9587423257260231076,211.43
17411905038280483544,6913945527236530832,9587423257260231076,242.59
3685509975988709794,6913945527236530832,9587423257260231076,211.43
15540046205918305203,6913945527236530832,9587423257260231076,302.04
2308455654588571358,6913945527236530832,9587423257260231076,236.6
3685509975988709794,6913945527236530832,9587423257260231076,211.43
8606677129900210659,6913945527236530832,9587423257260231076,253.04
16051695628994514217,10703589767578414723,9587423257260231076,971.85
17844111150316230064,10703589767578414723,9587423257260231076,399.0
17844111150316230064,10703589767578414723,9587423257260231076,399.0
7010157850077749138,10703589767578414723,9587423257260231076,446.5
17844111150316230064,10703589767578414723,9587423257260231076,399.0
17844111150316230064,10703589767578414723,9587423257260231076,399.0
9152506147900748974,10703589767578414723,9587423257260231076,1187.5
1331782586174725646,10703589767578414723,9587423257260231076,570.0
17844111150316230064,10703589767578414723,9587423257260231076,399.0
17844111150316230064,10703589767578414723,9587423257260231076,399.0
7892216094613660547,10703589767578414723,9587423257260231076,1615.0
6926282455251554278,10703589767578414723,9587423257260231076,456.0
12478338943481448689,10703589767578414723,9587423257260231076,1140.0
1331782586174725646,10703589767578414723,9587423257260231076,570.0
2154263135424789203,10703589767578414723,9587423257260231076,380.0
17844111150316230064,10703589767578414723,9587423257260231076,399.0
17844111150316230064,10703589767578414723,9587423257260231076,399.0
17844111150316230064,10703589767578414723,9587423257260231076,399.0
17844111150316230064,10703589767578414723,9587423257260231076,399.0
9609675516278039456,10703589767578414723,9587423257260231076,1339.31
6926282455251554278,10703589767578414723,9587423257260231076,456.0
17844111150316230064,10703589767578414723,9587423257260231076,399.0
822112321443022435,10703589767578414723,9587423257260231076,760.0
17844111150316230064,10703589767578414723,9587423257260231076,399.0
17844111150316230064,10703589767578414723,9587423257260231076,399.0
17844111150316230064,10703589767578414723,9587423257260231076,399.0
3667127932395970043,10703589767578414723,9587423257260231076,418.0
5624333602880385580,10703589767578414723,9587423257260231076,332.5
17844111150316230064,10703589767578414723,9587423257260231076,399.0
17844111150316230064,10703589767578414723,9587423257260231076,399.0
17844111150316230064,10703589767578414723,9587423257260231076,399.0
7821684592088791235,10703589767578414723,9587423257260231076,950.0
1331782586174725646,10703589767578414723,9587423257260231076,570.0
3263038250954776243,10703589767578414723,9587423257260231076,1472.5
17844111150316230064,10703589767578414723,9587423257260231076,399.0
7821684592088791235,10703589767578414723,9587423257260231076,950.0
17844111150316230064,10703589767578414723,9587423257260231076,399.0
1331782586174725646,10703589767578414723,9587423257260231076,570.0
433484860959724843,10703589767578414723,9587423257260231076,1111.5
5624333602880385580,10703589767578414723,9587423257260231076,332.5
17844111150316230064,10703589767578414723,9587423257260231076,399.0
3667127932395970043,10703589767578414723,9587423257260231076,418.0
17844111150316230064,10703589767578414723,9587423257260231076,399.0
17844111150316230064,10703589767578414723,9587423257260231076,399.0
1331782586174725646,10703589767578414723,9587423257260231076,570.0
12321818903645819583,10703589767578414723,9587423257260231076,427.5
1331782586174725646,10703589767578414723,9587423257260231076,570.0
17844111150316230064,10703589767578414723,9587423257260231076,399.0
1331782586174725646,10703589767578414723,9587423257260231076,570.0
5624333602880385580,10703589767578414723,9587423257260231076,332.5
17844111150316230064,10703589767578414723,9587423257260231076,399.0
17844111150316230064,10703589767578414723,9587423257260231076,399.0
17844111150316230064,10703589767578414723,9587423257260231076,399.0
17844111150316230064,10703589767578414723,9587423257260231076,399.0
6926282455251554278,10703589767578414723,9587423257260231076,456.0
17844111150316230064,10703589767578414723,9587423257260231076,399.0
7821684592088791235,10703589767578414723,9587423257260231076,950.0
17844111150316230064,10703589767578414723,9587423257260231076,399.0
17844111150316230064,10703589767578414723,9587423257260231076,399.0
17844111150316230064,10703589767578414723,9587423257260231076,399.0
433484860959724843,10703589767578414723,9587423257260231076,1111.5
17844111150316230064,10703589767578414723,9587423257260231076,399.0
1331782586174725646,10703589767578414723,9587423257260231076,570.0
17844111150316230064,10703589767578414723,9587423257260231076,399.0
1331782586174725646,10703589767578414723,9587423257260231076,570.0
17844111150316230064,10703589767578414723,9587423257260231076,399.0
1331782586174725646,10703589767578414723,9587423257260231076,570.0
17844111150316230064,10703589767578414723,9587423257260231076,399.0
1331782586174725646,10703589767578414723,9587423257260231076,570.0
1331782586174725646,10703589767578414723,9587423257260231076,570.0
1331782586174725646,10703589767578414723,9587423257260231076,570.0
1331782586174725646,10703589767578414723,9587423257260231076,570.0
5661793891293721339,10703589767578414723,9587423257260231076,2093.9
7821684592088791235,10703589767578414723,9587423257260231076,950.0
17844111150316230064,10703589767578414723,9587423257260231076,399.0
17844111150316230064,10703589767578414723,9587423257260231076,399.0
1331782586174725646,10703589767578414723,9587423257260231076,570.0
2548931317298823339,10703589767578414723,9587423257260231076,2855.43
1331782586174725646,10703589767578414723,9587423257260231076,570.0
10569803826956696111,10703589767578414723,9587423257260231076,607.2
17844111150316230064,10703589767578414723,9587423257260231076,399.0
1331782586174725646,10703589767578414723,9587423257260231076,570.0
17844111150316230064,10703589767578414723,9587423257260231076,399.0
17844111150316230064,10703589767578414723,9587423257260231076,399.0
1331782586174725646,10703589767578414723,9587423257260231076,570.0
12562870248055792424,10703589767578414723,9587423257260231076,604.71
1331782586174725646,10703589767578414723,9587423257260231076,570.0
17844111150316230064,10703589767578414723,9587423257260231076,399.0
2275958190661571947,10703589767578414723,9587423257260231076,530.1
1331782586174725646,10703589767578414723,9587423257260231076,570.0
17844111150316230064,10703589767578414723,9587423257260231076,399.0
9152506147900748974,10703589767578414723,9587423257260231076,1187.5
17844111150316230064,10703589767578414723,9587423257260231076,399.0
16178961284996166201,10703589767578414723,9587423257260231076,1900.0
7821684592088791235,10703589767578414723,9587423257260231076,950.0
15213643838786034662,10703589767578414723,9587423257260231076,477.54
1331782586174725646,10703589767578414723,9587423257260231076,570.0
1331782586174725646,10703589767578414723,9587423257260231076,570.0
6926282455251554278,10703589767578414723,9587423257260231076,456.0
17844111150316230064,10703589767578414723,9587423257260231076,399.0
1612082616713286873,10703589767578414723,9587423257260231076,1282.5
15407177154756233148,10703589767578414723,9587423257260231076,1045.0
822112321443022435,10703589767578414723,9587423257260231076,760.0
1331782586174725646,10703589767578414723,9587423257260231076,570.0
17844111150316230064,10703589767578414723,9587423257260231076,399.0
17844111150316230064,10703589767578414723,9587423257260231076,399.0
9152506147900748974,10703589767578414723,9587423257260231076,1187.5
17844111150316230064,10703589767578414723,9587423257260231076,399.0
17844111150316230064,10703589767578414723,9587423257260231076,399.0
1331782586174725646,10703589767578414723,9587423257260231076,570.0
17844111150316230064,10703589767578414723,9587423257260231076,399.0
6926282455251554278,10703589767578414723,9587423257260231076,456.0
17844111150316230064,10703589767578414723,9587423257260231076,399.0
8221665364132228949,10703589767578414723,9587423257260231076,457.81
17844111150316230064,10703589767578414723,9587423257260231076,399.0
6926282455251554278,10703589767578414723,9587423257260231076,456.0
1612082616713286873,10703589767578414723,9587423257260231076,1282.5
7821684592088791235,10703589767578414723,9587423257260231076,950.0
17844111150316230064,10703589767578414723,9587423257260231076,399.0
5269974285762740870,10703589767578414723,9587423257260231076,1425.0
17844111150316230064,10703589767578414723,9587423257260231076,399.0
5269974285762740870,10703589767578414723,9587423257260231076,1425.0
1331782586174725646,10703589767578414723,9587423257260231076,570.0
4111813819659488229,10703589767578414723,9587423257260231076,456.9
17844111150316230064,10703589767578414723,9587423257260231076,399.0
10530227278801115631,2050333060914057557,18415338349381915475,573531.05
9760848812729885817,2050333060914057557,18415338349381915475,577152.99
11380017134046471340,2050333060914057557,18415338349381915475,895262.23
14750251250544401276,2050333060914057557,18415338349381915475,324152.95
5713377157113317140,2050333060914057557,18415338349381915475,431610.99
10530227278801115631,2050333060914057557,18415338349381915475,573531.05
15492021206659799597,2050333060914057557,18415338349381915475,253771.58
3779667137470674359,2050333060914057557,18415338349381915475,365858.84
35239410298715413,2050333060914057557,18415338349381915475,513672.59
15688902136108444728,2050333060914057557,18415338349381915475,728802.99
11256697417499490194,2050333060914057557,18415338349381915475,699120.22
17220892618111351915,2050333060914057557,18415338349381915475,168152.33
14032385075279671541,2050333060914057557,18415338349381915475,726038.31
13136876149874481262,2050333060914057557,18415338349381915475,616587.13
14853539510950839764,2050333060914057557,18415338349381915475,13434.0
9601816392544979148,2050333060914057557,18415338349381915475,22791.0
1836522465739775025,1776220049477354229,9587423257260231076,33.18
4116588211475590717,1776220049477354229,9587423257260231076,98.75
6143053549223347483,1776220049477354229,9587423257260231076,47.4
6143053549223347483,1776220049477354229,9587423257260231076,47.4
6143053549223347483,1776220049477354229,9587423257260231076,47.4
1836522465739775025,1776220049477354229,9587423257260231076,33.18
6143053549223347483,1776220049477354229,9587423257260231076,47.4
1836522465739775025,1776220049477354229,9587423257260231076,33.18
1836522465739775025,1776220049477354229,9587423257260231076,33.18
5255248797541217473,1776220049477354229,9587423257260231076,50.49
7092918481406804576,1776220049477354229,9587423257260231076,94.8
1836522465739775025,1776220049477354229,9587423257260231076,33.18
6143053549223347483,1776220049477354229,9587423257260231076,47.4
17396554858998703478,1776220049477354229,9587423257260231076,106.65
1836522465739775025,1776220049477354229,9587423257260231076,33.18
2301612771315358398,1776220049477354229,9587423257260231076,80.82
6143053549223347483,1776220049477354229,9587423257260231076,47.4
16087205576620838352,1776220049477354229,9587423257260231076,50.29
6143053549223347483,1776220049477354229,9587423257260231076,47.4
8236375695607407142,1776220049477354229,9587423257260231076,63.2
6143053549223347483,1776220049477354229,9587423257260231076,47.4
6143053549223347483,1776220049477354229,9587423257260231076,47.4
993228252758156347,1776220049477354229,9587423257260231076,37.92
2806096633303390993,1776220049477354229,9587423257260231076,92.43
1836522465739775025,1776220049477354229,9587423257260231076,33.18
7191685034178912838,1776220049477354229,9587423257260231076,79.0
6143053549223347483,1776220049477354229,9587423257260231076,47.4
1494675805114154878,1776220049477354229,9587423257260231076,38.0
1836522465739775025,1776220049477354229,9587423257260231076,33.18
1836522465739775025,1776220049477354229,9587423257260231076,33.18
6143053549223347483,1776220049477354229,9587423257260231076,47.4
6143053549223347483,1776220049477354229,9587423257260231076,47.4
2801481311598763679,1776220049477354229,9587423257260231076,158.0
1836522465739775025,1776220049477354229,9587423257260231076,33.18
1836522465739775025,1776220049477354229,9587423257260231076,33.18
993228252758156347,1776220049477354229,9587423257260231076,37.92
1836522465739775025,1776220049477354229,9587423257260231076,33.18
1836522465739775025,1776220049477354229,9587423257260231076,33.18
1836522465739775025,1776220049477354229,9587423257260231076,33.18
1836522465739775025,1776220049477354229,9587423257260231076,33.18
1836522465739775025,1776220049477354229,9587423257260231076,33.18
7191685034178912838,1776220049477354229,9587423257260231076,79.0
1836522465739775025,1776220049477354229,9587423257260231076,33.18
1836522465739775025,1776220049477354229,9587423257260231076,33.18
4116588211475590717,1776220049477354229,9587423257260231076,98.75
15350090388644902063,1776220049477354229,9587423257260231076,27.65
1836522465739775025,1776220049477354229,9587423257260231076,33.18
1836522465739775025,1776220049477354229,9587423257260231076,33.18
1836522465739775025,1776220049477354229,9587423257260231076,33.18
15350090388644902063,1776220049477354229,9587423257260231076,27.65
1836522465739775025,1776220049477354229,9587423257260231076,33.18
9985893171260725688,1776220049477354229,9587423257260231076,34.76
7191685034178912838,1776220049477354229,9587423257260231076,79.0
993228252758156347,1776220049477354229,9587423257260231076,37.92
1836522465739775025,1776220049477354229,9587423257260231076,33.18
17396554858998703478,1776220049477354229,9587423257260231076,106.65
993228252758156347,1776220049477354229,9587423257260231076,37.92
1836522465739775025,1776220049477354229,9587423257260231076,33.18
6143053549223347483,1776220049477354229,9587423257260231076,47.4
1836522465739775025,1776220049477354229,9587423257260231076,33.18
1836522465739775025,1776220049477354229,9587423257260231076,33.18
8379302439901490224,1776220049477354229,9587423257260231076,44.08
1836522465739775025,1776220049477354229,9587423257260231076,33.18
3124436083689803783,1776220049477354229,9587423257260231076,111.37
1836522465739775025,1776220049477354229,9587423257260231076,33.18
4116588211475590717,1776220049477354229,9587423257260231076,98.75
1934019864607018959,1776220049477354229,9587423257260231076,38.07
12089092841308677928,1776220049477354229,9587423257260231076,37.13
6143053549223347483,1776220049477354229,9587423257260231076,47.4
1836522465739775025,1776220049477354229,9587423257260231076,33.18
1836522465739775025,1776220049477354229,9587423257260231076,33.18
8236375695607407142,1776220049477354229,9587423257260231076,63.2
6143053549223347483,1776220049477354229,9587423257260231076,47.4
1836522465739775025,1776220049477354229,9587423257260231076,33.18
1836522465739775025,1776220049477354229,9587423257260231076,33.18
5369765853262380141,1776220049477354229,9587423257260231076,118.5
6143053549223347483,1776220049477354229,9587423257260231076,47.4
1836522465739775025,1776220049477354229,9587423257260231076,33.18
17775319017295224712,1776220049477354229,9587423257260231076,122.45
1836522465739775025,1776220049477354229,9587423257260231076,33.18
1836522465739775025,1776220049477354229,9587423257260231076,33.18
6143053549223347483,1776220049477354229,9587423257260231076,47.4
6143053549223347483,1776220049477354229,9587423257260231076,47.4
3514056501883353537,1776220049477354229,9587423257260231076,31.6
15350090388644902063,1776220049477354229,9587423257260231076,27.65
10311356283241646168,1776220049477354229,9587423257260231076,134.3
1836522465739775025,1776220049477354229,9587423257260231076,33.18
7191685034178912838,1776220049477354229,9587423257260231076,79.0
6143053549223347483,1776220049477354229,9587423257260231076,47.4
6143053549223347483,1776220049477354229,9587423257260231076,47.4
6143053549223347483,1776220049477354229,9587423257260231076,47.4
1836522465739775025,1776220049477354229,9587423257260231076,33.18
1836522465739775025,1776220049477354229,9587423257260231076,33.18
1836522465739775025,1776220049477354229,9587423257260231076,33.18
993228252758156347,1776220049477354229,9587423257260231076,37.92
7191685034178912838,1776220049477354229,9587423257260231076,79.0
2806096633303390993,1776220049477354229,9587423257260231076,92.43
5369765853262380141,1776220049477354229,9587423257260231076,118.5
4484024404527860871,1776220049477354229,9587423257260231076,86.9
1836522465739775025,1776220049477354229,9587423257260231076,33.18
1836522465739775025,1776220049477354229,9587423257260231076,33.18
1836522465739775025,1776220049477354229,9587423257260231076,33.18
2074638717895397227,1776220049477354229,9587423257260231076,174.12
1836522465739775025,1776220049477354229,9587423257260231076,33.18
1836522465739775025,1776220049477354229,9587423257260231076,33.18
1836522465739775025,1776220049477354229,9587423257260231076,33.18
6143053549223347483,1776220049477354229,9587423257260231076,47.4
1836522465739775025,1776220049477354229,9587423257260231076,33.18
1836522465739775025,1776220049477354229,9587423257260231076,33.18
993228252758156347,1776220049477354229,9587423257260231076,37.92
1836522465739775025,1776220049477354229,9587423257260231076,33.18
6143053549223347483,1776220049477354229,9587423257260231076,47.4
1836522465739775025,1776220049477354229,9587423257260231076,33.18
15362744232367352839,1776220049477354229,9587423257260231076,237.45
1836522465739775025,1776220049477354229,9587423257260231076,33.18
6143053549223347483,1776220049477354229,9587423257260231076,47.4
6143053549223347483,1776220049477354229,9587423257260231076,47.4
7191685034178912838,1776220049477354229,9587423257260231076,79.0
1836522465739775025,1776220049477354229,9587423257260231076,33.18
2927232224395699181,1776220049477354229,9587423257260231076,35.55
1836522465739775025,1776220049477354229,9587423257260231076,33.18
9985893171260725688,1776220049477354229,9587423257260231076,34.76
1836522465739775025,1776220049477354229,9587423257260231076,33.18
2194239891557219312,1776220049477354229,9587423257260231076,39.71
1836522465739775025,1776220049477354229,9587423257260231076,33.18
10082256623565246764,17404297319654537110,18415338349381915475,406520.1
9334504167968521832,17404297319654537110,18415338349381915475,284564.7
16001215416065133347,17404297319654537110,18415338349381915475,478682.01
16696845772723379094,17404297319654537110,18415338349381915475,378132.93
18239028334287747684,17404297319654537110,18415338349381915475,241213.23
16696845772723379094,17404297319654537110,18415338349381915475,378132.93
17101826321100218479,17404297319654537110,18415338349381915475,590252.49
16786120248625862680,17404297319654537110,18415338349381915475,213716.25
17024258423130993637,17404297319654537110,18415338349381915475,338667.84
5297908649421748564,17404297319654537110,18415338349381915475,480504.78
15261228689383656381,17404297319654537110,18415338349381915475,380520.9
7956088769777005358,17404297319654537110,18415338349381915475,460934.73
9499551694466635812,17404297319654537110,18415338349381915475,167313.33
10086790379814882326,17404297319654537110,18415338349381915475,13434.0
17079000893963795017,17404297319654537110,18415338349381915475,110863.98
8148255532516460910,17404297319654537110,18415338349381915475,22791.0
84451013118480605,17444316763685897709,9587423257260231076,319.2
12867309395859262876,17444316763685897709,9587423257260231076,456.0
84451013118480605,17444316763685897709,9587423257260231076,319.2
84451013118480605,17444316763685897709,9587423257260231076,319.2
12867309395859262876,17444316763685897709,9587423257260231076,456.0
13285627936879133605,17444316763685897709,9587423257260231076,304.0
84451013118480605,17444316763685897709,9587423257260231076,319.2
84451013118480605,17444316763685897709,9587423257260231076,319.2
12867309395859262876,17444316763685897709,9587423257260231076,456.0
12867309395859262876,17444316763685897709,9587423257260231076,456.0
12867309395859262876,17444316763685897709,9587423257260231076,456.0
12867309395859262876,17444316763685897709,9587423257260231076,456.0
84451013118480605,17444316763685897709,9587423257260231076,319.2
12867309395859262876,17444316763685897709,9587423257260231076,456.0
15344408344436245672,17444316763685897709,9587423257260231076,760.0
12867309395859262876,17444316763685897709,9587423257260231076,456.0
84451013118480605,17444316763685897709,9587423257260231076,319.2
84451013118480605,17444316763685897709,9587423257260231076,319.2
8118988085373751310,17444316763685897709,9587423257260231076,366.24
18128077090167021881,17444316763685897709,9587423257260231076,889.2
15453772568729903273,17444316763685897709,9587423257260231076,364.8
84451013118480605,17444316763685897709,9587423257260231076,319.2
18128077090167021881,17444316763685897709,9587423257260231076,889.2
12867309395859262876,17444316763685897709,9587423257260231076,456.0
84451013118480605,17444316763685897709,9587423257260231076,319.2
15453772568729903273,17444316763685897709,9587423257260231076,364.8
84451013118480605,17444316763685897709,9587423257260231076,319.2
17105019141926355241,17444316763685897709,9587423257260231076,608.0
84451013118480605,17444316763685897709,9587423257260231076,319.2
8075503325558022954,17444316763685897709,9587423257260231076,950.0
84451013118480605,17444316763685897709,9587423257260231076,319.2
4086835165514894403,17444316763685897709,9587423257260231076,266.0
84451013118480605,17444316763685897709,9587423257260231076,319.2
84451013118480605,17444316763685897709,9587423257260231076,319.2
84451013118480605,17444316763685897709,9587423257260231076,319.2
12867309395859262876,17444316763685897709,9587423257260231076,456.0
84451013118480605,17444316763685897709,9587423257260231076,319.2
12867309395859262876,17444316763685897709,9587423257260231076,456.0
15453772568729903273,17444316763685897709,9587423257260231076,364.8
84451013118480605,17444316763685897709,9587423257260231076,319.2
12867309395859262876,17444316763685897709,9587423257260231076,456.0
10518708335473766592,17444316763685897709,9587423257260231076,777.48
84451013118480605,17444316763685897709,9587423257260231076,319.2
12867309395859262876,17444316763685897709,9587423257260231076,456.0
12867309395859262876,17444316763685897709,9587423257260231076,456.0
84451013118480605,17444316763685897709,9587423257260231076,319.2
7929949628489607423,17444316763685897709,9587423257260231076,483.77
15453772568729903273,17444316763685897709,9587423257260231076,364.8
84451013118480605,17444316763685897709,9587423257260231076,319.2
1163594695229770880,17444316763685897709,9587423257260231076,1026.0
9194215220339709832,17444316763685897709,9587423257260231076,1140.0
84451013118480605,17444316763685897709,9587423257260231076,319.2
4754877466692531057,17444316763685897709,9587423257260231076,1520.0
84451013118480605,17444316763685897709,9587423257260231076,319.2
84451013118480605,17444316763685897709,9587423257260231076,319.2
84451013118480605,17444316763685897709,9587423257260231076,319.2
12867309395859262876,17444316763685897709,9587423257260231076,456.0
84451013118480605,17444316763685897709,9587423257260231076,319.2
17865111364117512968,17444316763685897709,9587423257260231076,424.08
8075503325558022954,17444316763685897709,9587423257260231076,950.0
84451013118480605,17444316763685897709,9587423257260231076,319.2
12867309395859262876,17444316763685897709,9587423257260231076,456.0
8075503325558022954,17444316763685897709,9587423257260231076,950.0
15344408344436245672,17444316763685897709,9587423257260231076,760.0
84451013118480605,17444316763685897709,9587423257260231076,319.2
12867309395859262876,17444316763685897709,9587423257260231076,456.0
15344408344436245672,17444316763685897709,9587423257260231076,760.0
1497961506676111013,17444316763685897709,9587423257260231076,365.52
84451013118480605,17444316763685897709,9587423257260231076,319.2
4086835165514894403,17444316763685897709,9587423257260231076,266.0
12867309395859262876,17444316763685897709,9587423257260231076,456.0
84451013118480605,17444316763685897709,9587423257260231076,319.2
5631661561988245674,17444316763685897709,9587423257260231076,2284.35
84451013118480605,17444316763685897709,9587423257260231076,319.2
84451013118480605,17444316763685897709,9587423257260231076,319.2
84451013118480605,17444316763685897709,9587423257260231076,319.2
9251211815455299823,17444316763685897709,9587423257260231076,1292.0
12172460621590202961,17444316763685897709,9587423257260231076,334.4
12867309395859262876,17444316763685897709,9587423257260231076,456.0
84451013118480605,17444316763685897709,9587423257260231076,319.2
84451013118480605,17444316763685897709,9587423257260231076,319.2
84451013118480605,17444316763685897709,9587423257260231076,319.2
15453772568729903273,17444316763685897709,9587423257260231076,364.8
84451013118480605,17444316763685897709,9587423257260231076,319.2
12867309395859262876,17444316763685897709,9587423257260231076,456.0
84451013118480605,17444316763685897709,9587423257260231076,319.2
15344408344436245672,17444316763685897709,9587423257260231076,760.0
15344408344436245672,17444316763685897709,9587423257260231076,760.0
13041701330195240581,17444316763685897709,9587423257260231076,1071.45
12867309395859262876,17444316763685897709,9587423257260231076,456.0
84451013118480605,17444316763685897709,9587423257260231076,319.2
84451013118480605,17444316763685897709,9587423257260231076,319.2
84451013118480605,17444316763685897709,9587423257260231076,319.2
17105019141926355241,17444316763685897709,9587423257260231076,608.0
9194215220339709832,17444316763685897709,9587423257260231076,1140.0
84451013118480605,17444316763685897709,9587423257260231076,319.2
15687123196792785237,17444316763685897709,9587423257260231076,836.0
84451013118480605,17444316763685897709,9587423257260231076,319.2
84451013118480605,17444316763685897709,9587423257260231076,319.2
12867309395859262876,17444316763685897709,9587423257260231076,456.0
12867309395859262876,17444316763685897709,9587423257260231076,456.0
84451013118480605,17444316763685897709,9587423257260231076,319.2
12867309395859262876,17444316763685897709,9587423257260231076,456.0
4086835165514894403,17444316763685897709,9587423257260231076,266.0
84451013118480605,17444316763685897709,9587423257260231076,319.2
5386199062817811123,17444316763685897709,9587423257260231076,1178.0
3549646792173003018,17444316763685897709,9587423257260231076,357.2
12172460621590202961,17444316763685897709,9587423257260231076,334.4
16025850695740230613,17444316763685897709,9587423257260231076,382.03
16696497043682405463,17444316763685897709,9587423257260231076,342.0
84451013118480605,17444316763685897709,9587423257260231076,319.2
84451013118480605,17444316763685897709,9587423257260231076,319.2
15344408344436245672,17444316763685897709,9587423257260231076,760.0
84451013118480605,17444316763685897709,9587423257260231076,319.2
84451013118480605,17444316763685897709,9587423257260231076,319.2
7269568689054307268,17444316763685897709,9587423257260231076,1675.12
13383988129608473508,17444316763685897709,9587423257260231076,485.76
9987957094093868789,17444316763685897709,9587423257260231076,912.0
84451013118480605,17444316763685897709,9587423257260231076,319.2
84451013118480605,17444316763685897709,9587423257260231076,319.2
15344408344436245672,17444316763685897709,9587423257260231076,760.0
15453772568729903273,17444316763685897709,9587423257260231076,364.8
12867309395859262876,17444316763685897709,9587423257260231076,456.0
1163594695229770880,17444316763685897709,9587423257260231076,1026.0
84451013118480605,17444316763685897709,9587423257260231076,319.2
84451013118480605,17444316763685897709,9587423257260231076,319.2
14095462071794721973,9919306562078401627,18415338349381915475,126099.55
3512994351212741379,9919306562078401627,18415338349381915475,347394.8
1455479233271192351,9919306562078401627,18415338349381915475,255244.82
3252801712904973565,9919306562078401627,18415338349381915475,362143.5
5411733801751029825,9919306562078401627,18415338349381915475,181795.91
11277882300158820904,9919306562078401627,18415338349381915475,306383.24
17332455653133380206,9919306562078401627,18415338349381915475,360769.72
9278199092463350211,9919306562078401627,18415338349381915475,161072.17
15948145608471974701,9919306562078401627,18415338349381915475,284988.59
13558823662766027771,9919306562078401627,18415338349381915475,83555.19
17076703348757884792,9919306562078401627,18415338349381915475,214468.27
212193924469749100,9919306562078401627,18415338349381915475,286788.34
17082657673169500372,9919306562078401627,18415338349381915475,13434.0
15948145608471974701,9919306562078401627,18415338349381915475,284988.59
4021420587851853080,9919306562078401627,18415338349381915475,444857.39
16246349675869639194,9919306562078401627,18415338349381915475,22791.0
8300244387902197306,8056540604817251801,9587423257260231076,63.0
10187839671989531451,8056540604817251801,9587423257260231076,75.4
11242309398586451355,8056540604817251801,9587423257260231076,72.0
8300244387902197306,8056540604817251801,9587423257260231076,63.0
4729619211658474137,8056540604817251801,9587423257260231076,66.0
9622499274077637352,8056540604817251801,9587423257260231076,90.0
9622499274077637352,8056540604817251801,9587423257260231076,90.0
11242309398586451355,8056540604817251801,9587423257260231076,72.0
8300244387902197306,8056540604817251801,9587423257260231076,63.0
8300244387902197306,8056540604817251801,9587423257260231076,63.0
1547277914122029791,8056540604817251801,9587423257260231076,150.0
10528805760413018666,8056540604817251801,9587423257260231076,187.5
9622499274077637352,8056540604817251801,9587423257260231076,90.0
8300244387902197306,8056540604817251801,9587423257260231076,63.0
8300244387902197306,8056540604817251801,9587423257260231076,63.0
10528805760413018666,8056540604817251801,9587423257260231076,187.5
8300244387902197306,8056540604817251801,9587423257260231076,63.0
8300244387902197306,8056540604817251801,9587423257260231076,63.0
9622499274077637352,8056540604817251801,9587423257260231076,90.0
8300244387902197306,8056540604817251801,9587423257260231076,63.0
9804347240474091914,8056540604817251801,9587423257260231076,450.86
8300244387902197306,8056540604817251801,9587423257260231076,63.0
8300244387902197306,8056540604817251801,9587423257260231076,63.0
17205729677557504671,8056540604817251801,9587423257260231076,70.5
8300244387902197306,8056540604817251801,9587423257260231076,63.0
7489073084685984952,8056540604817251801,9587423257260231076,202.5
8300244387902197306,8056540604817251801,9587423257260231076,63.0
9622499274077637352,8056540604817251801,9587423257260231076,90.0
10528805760413018666,8056540604817251801,9587423257260231076,187.5
8300244387902197306,8056540604817251801,9587423257260231076,63.0
8300244387902197306,8056540604817251801,9587423257260231076,63.0
8300244387902197306,8056540604817251801,9587423257260231076,63.0
9622499274077637352,8056540604817251801,9587423257260231076,90.0
9622499274077637352,8056540604817251801,9587423257260231076,90.0
14075889722146162000,8056540604817251801,9587423257260231076,52.5
8300244387902197306,8056540604817251801,9587423257260231076,63.0
18064917205674660168,8056540604817251801,9587423257260231076,175.5
9622499274077637352,8056540604817251801,9587423257260231076,90.0
8300244387902197306,8056540604817251801,9587423257260231076,63.0
8300244387902197306,8056540604817251801,9587423257260231076,63.0
6141468702890919724,8056540604817251801,9587423257260231076,211.47
8300244387902197306,8056540604817251801,9587423257260231076,63.0
9383375464301710624,8056540604817251801,9587423257260231076,153.45
17489663586423316820,8056540604817251801,9587423257260231076,72.29
9622499274077637352,8056540604817251801,9587423257260231076,90.0
14075889722146162000,8056540604817251801,9587423257260231076,52.5
8300244387902197306,8056540604817251801,9587423257260231076,63.0
8300244387902197306,8056540604817251801,9587423257260231076,63.0
8300244387902197306,8056540604817251801,9587423257260231076,63.0
8300244387902197306,8056540604817251801,9587423257260231076,63.0
5007814620925314280,8056540604817251801,9587423257260231076,180.0
9622499274077637352,8056540604817251801,9587423257260231076,90.0
9622499274077637352,8056540604817251801,9587423257260231076,90.0
11242309398586451355,8056540604817251801,9587423257260231076,72.0
9622499274077637352,8056540604817251801,9587423257260231076,90.0
8300244387902197306,8056540604817251801,9587423257260231076,63.0
11242309398586451355,8056540604817251801,9587423257260231076,72.0
9622499274077637352,8056540604817251801,9587423257260231076,90.0
6360649566705438501,8056540604817251801,9587423257260231076,330.62
8300244387902197306,8056540604817251801,9587423257260231076,63.0
8300244387902197306,8056540604817251801,9587423257260231076,63.0
8300244387902197306,8056540604817251801,9587423257260231076,63.0
9622499274077637352,8056540604817251801,9587423257260231076,90.0
8300244387902197306,8056540604817251801,9587423257260231076,63.0
8300244387902197306,8056540604817251801,9587423257260231076,63.0
1547277914122029791,8056540604817251801,9587423257260231076,150.0
18064917205674660168,8056540604817251801,9587423257260231076,175.5
9622499274077637352,8056540604817251801,9587423257260231076,90.0
4729619211658474137,8056540604817251801,9587423257260231076,66.0
9622499274077637352,8056540604817251801,9587423257260231076,90.0
8300244387902197306,8056540604817251801,9587423257260231076,63.0
9125563264530140476,8056540604817251801,9587423257260231076,72.14
8300244387902197306,8056540604817251801,9587423257260231076,63.0
3774058014363767509,8056540604817251801,9587423257260231076,300.0
8300244387902197306,8056540604817251801,9587423257260231076,63.0
15065388056438480041,8056540604817251801,9587423257260231076,83.7
17952810942783453550,8056540604817251801,9587423257260231076,120.0
8300244387902197306,8056540604817251801,9587423257260231076,63.0
9622499274077637352,8056540604817251801,9587423257260231076,90.0
8300244387902197306,8056540604817251801,9587423257260231076,63.0
11242309398586451355,8056540604817251801,9587423257260231076,72.0
8300244387902197306,8056540604817251801,9587423257260231076,63.0
8749519441425124099,8056540604817251801,9587423257260231076,67.5
9622499274077637352,8056540604817251801,9587423257260231076,90.0
9622499274077637352,8056540604817251801,9587423257260231076,90.0
8300244387902197306,8056540604817251801,9587423257260231076,63.0
8300244387902197306,8056540604817251801,9587423257260231076,63.0
8300244387902197306,8056540604817251801,9587423257260231076,63.0
14973184735660224796,8056540604817251801,9587423257260231076,225.0
8300244387902197306,8056540604817251801,9587423257260231076,63.0
1547277914122029791,8056540604817251801,9587423257260231076,150.0
14075889722146162000,8056540604817251801,9587423257260231076,52.5
9622499274077637352,8056540604817251801,9587423257260231076,90.0
8300244387902197306,8056540604817251801,9587423257260231076,63.0
8300244387902197306,8056540604817251801,9587423257260231076,63.0
15856054877600341998,8056540604817251801,9587423257260231076,95.48
8300244387902197306,8056540604817251801,9587423257260231076,63.0
1547277914122029791,8056540604817251801,9587423257260231076,150.0
9757339829693363461,8056540604817251801,9587423257260231076,95.87
1547277914122029791,8056540604817251801,9587423257260231076,150.0
8300244387902197306,8056540604817251801,9587423257260231076,63.0
9622499274077637352,8056540604817251801,9587423257260231076,90.0
8300244387902197306,8056540604817251801,9587423257260231076,63.0
8300244387902197306,8056540604817251801,9587423257260231076,63.0
8300244387902197306,8056540604817251801,9587423257260231076,63.0
11242309398586451355,8056540604817251801,9587423257260231076,72.0
9622499274077637352,8056540604817251801,9587423257260231076,90.0
8300244387902197306,8056540604817251801,9587423257260231076,63.0
8300244387902197306,8056540604817251801,9587423257260231076,63.0
8300244387902197306,8056540604817251801,9587423257260231076,63.0
5876212220347679422,8056540604817251801,9587423257260231076,165.0
9622499274077637352,8056540604817251801,9587423257260231076,90.0
7489073084685984952,8056540604817251801,9587423257260231076,202.5
1547277914122029791,8056540604817251801,9587423257260231076,150.0
8300244387902197306,8056540604817251801,9587423257260231076,63.0
4487924201128915262,8056540604817251801,9587423257260231076,60.0
9417324058225045157,8056540604817251801,9587423257260231076,255.0
8300244387902197306,8056540604817251801,9587423257260231076,63.0
16959858495860768779,8056540604817251801,9587423257260231076,232.5
14973184735660224796,8056540604817251801,9587423257260231076,225.0
8300244387902197306,8056540604817251801,9587423257260231076,63.0
9622499274077637352,8056540604817251801,9587423257260231076,90.0
8300244387902197306,8056540604817251801,9587423257260231076,63.0
9622499274077637352,8056540604817251801,9587423257260231076,90.0
17952810942783453550,8056540604817251801,9587423257260231076,120.0
11091107851978784218,15448358322897952517,18415338349381915475,158185.75
16896633352608617568,15448358322897952517,18415338349381915475,130588.96
15206548235042448461,15448358322897952517,18415338349381915475,116225.63
7614155712290738165,15448358322897952517,18415338349381915475,139511.48
8777469098751610187,15448358322897952517,18415338349381915475,82780.69
11892858066976918040,15448358322897952517,18415338349381915475,38046.82
11631806297285164248,15448358322897952517,18415338349381915475,57419.38
14011033180196106042,15448358322897952517,18415338349381915475,202565.63
16570056204105999738,15448358322897952517,18415338349381915475,164901.9
4779350629649004377,15448358322897952517,18415338349381915475,164276.35
3741113046086694482,15448358322897952517,18415338349381915475,129769.44
3741113046086694482,15448358322897952517,18415338349381915475,129769.44
8901499137932832716,15448358322897952517,18415338349381915475,73344.15
4739147334650661994,15448358322897952517,18415338349381915475,97658.4
5942634281916619826,15448358322897952517,18415338349381915475,13434.0
10769535717534581963,15448358322897952517,18415338349381915475,22791.0
6668887620264010744,9165357839740290537,9587423257260231076,157.5
6668887620264010744,9165357839740290537,9587423257260231076,157.5
6668887620264010744,9165357839740290537,9587423257260231076,157.5
6985779686755520433,9165357839740290537,9587423257260231076,225.0
6985779686755520433,9165357839740290537,9587423257260231076,225.0
15208294523461766581,9165357839740290537,9587423257260231076,131.25
7171992888939442087,9165357839740290537,9587423257260231076,375.0
6985779686755520433,9165357839740290537,9587423257260231076,225.0
6985779686755520433,9165357839740290537,9587423257260231076,225.0
7171992888939442087,9165357839740290537,9587423257260231076,375.0
1138152239282423203,9165357839740290537,9587423257260231076,300.0
6985779686755520433,9165357839740290537,9587423257260231076,225.0
9498350528124913512,9165357839740290537,9587423257260231076,562.5
1038549712142801617,9165357839740290537,9587423257260231076,1127.15
6985779686755520433,9165357839740290537,9587423257260231076,225.0
6668887620264010744,9165357839740290537,9587423257260231076,157.5
6668887620264010744,9165357839740290537,9587423257260231076,157.5
6668887620264010744,9165357839740290537,9587423257260231076,157.5
16380716483564035026,9165357839740290537,9587423257260231076,438.75
6019225355549642213,9165357839740290537,9587423257260231076,239.69
14734638012823075710,9165357839740290537,9587423257260231076,506.25
6668887620264010744,9165357839740290537,9587423257260231076,157.5
6985779686755520433,9165357839740290537,9587423257260231076,225.0
6668887620264010744,9165357839740290537,9587423257260231076,157.5
6985779686755520433,9165357839740290537,9587423257260231076,225.0
10714908787562921420,9165357839740290537,9587423257260231076,180.0
6985779686755520433,9165357839740290537,9587423257260231076,225.0
6668887620264010744,9165357839740290537,9587423257260231076,157.5
6668887620264010744,9165357839740290537,9587423257260231076,157.5
5922715972136160242,9165357839740290537,9587423257260231076,637.5
16971661375872783318,9165357839740290537,9587423257260231076,383.63
7171992888939442087,9165357839740290537,9587423257260231076,375.0
7171992888939442087,9165357839740290537,9587423257260231076,375.0
4576494809376158835,9165357839740290537,9587423257260231076,150.0
14734638012823075710,9165357839740290537,9587423257260231076,506.25
6668887620264010744,9165357839740290537,9587423257260231076,157.5
6668887620264010744,9165357839740290537,9587423257260231076,157.5
6668887620264010744,9165357839740290537,9587423257260231076,157.5
3184410549923757939,9165357839740290537,9587423257260231076,468.75
16380716483564035026,9165357839740290537,9587423257260231076,438.75
6668887620264010744,9165357839740290537,9587423257260231076,157.5
6668887620264010744,9165357839740290537,9587423257260231076,157.5
6668887620264010744,9165357839740290537,9587423257260231076,157.5
6668887620264010744,9165357839740290537,9587423257260231076,157.5
6668887620264010744,9165357839740290537,9587423257260231076,157.5
6668887620264010744,9165357839740290537,9587423257260231076,157.5
6668887620264010744,9165357839740290537,9587423257260231076,157.5
